track_id,launch_spin_rate,apex_t,apex_x,apex_y,apex_z,landing_t,landing_x,landing_y,landing_z
065c1384-11e8-44d2-bf1a-db288c0ed636,0.0,0.0,0.0,0.0,0.0,0.0,0.0,0.0,0.0
a97c3116-70e1-40b2-afd4-1a00b7147363,0.0,0.0,0.0,0.0,0.0,0.0,0.0,0.0,0.0
c2dd368c-3e5a-4ed9-8e6e-db8551dd47ac,0.0,0.0,0.0,0.0,0.0,0.0,0.0,0.0,0.0
dc80735e-d8e3-4716-a20b-73c189f9895d,0.0,0.0,0.0,0.0,0.0,0.0,0.0,0.0,0.0
9552ec97-ca7d-447f-8d11-5b17bd3dd31d,0.0,0.0,0.0,0.0,0.0,0.0,0.0,0.0,0.0
58f8ba48-c1f0-41d4-acf7-5f03009f021d,0.0,0.0,0.0,0.0,0.0,0.0,0.0,0.0,0.0
d6e63f52-a798-467b-a0f5-f99e65bb95f2,0.0,0.0,0.0,0.0,0.0,0.0,0.0,0.0,0.0
29a7d003-5dd8-4bf2-a5c3-b43a0e62f453,0.0,0.0,0.0,0.0,0.0,0.0,0.0,0.0,0.0
2557cc62-a469-4998-bd82-3ac4a05b6e1b,0.0,0.0,0.0,0.0,0.0,0.0,0.0,0.0,0.0
acfa182f-177c-4d4d-996d-c573e242e566,0.0,0.0,0.0,0.0,0.0,0.0,0.0,0.0,0.0
0486ecf8-2e97-49b5-9e21-5da6b7780770,0.0,0.0,0.0,0.0,0.0,0.0,0.0,0.0,0.0
ed127a2a-c0aa-4757-8860-ce5f98df69c6,0.0,0.0,0.0,0.0,0.0,0.0,0.0,0.0,0.0
d2bcae15-56d7-4a9e-90e6-95799e3a2a35,0.0,0.0,0.0,0.0,0.0,0.0,0.0,0.0,0.0
72c0ba08-8f1e-4565-8717-2324993544a9,0.0,0.0,0.0,0.0,0.0,0.0,0.0,0.0,0.0
de5c76ee-26b0-4d84-ac1b-c4ab47500671,0.0,0.0,0.0,0.0,0.0,0.0,0.0,0.0,0.0
f129a513-86f6-4729-b8b1-18d1e4e43a56,0.0,0.0,0.0,0.0,0.0,0.0,0.0,0.0,0.0
73067808-1bfc-4cc6-b493-4c447f40270d,0.0,0.0,0.0,0.0,0.0,0.0,0.0,0.0,0.0
285280f1-1f6b-44bc-a2ef-476010e16d49,0.0,0.0,0.0,0.0,0.0,0.0,0.0,0.0,0.0
be4dd272-b23c-4e97-9d12-f5ccb63cbd29,0.0,0.0,0.0,0.0,0.0,0.0,0.0,0.0,0.0
019eccd6-c8ec-4628-bbea-64799279497e,0.0,0.0,0.0,0.0,0.0,0.0,0.0,0.0,0.0
76f72813-9fef-47a9-9dbf-e4b5d89c9186,0.0,0.0,0.0,0.0,0.0,0.0,0.0,0.0,0.0
b23e2488-da48-4a9a-ad0d-d4a4cc9471c5,0.0,0.0,0.0,0.0,0.0,0.0,0.0,0.0,0.0
a3a794ff-3a50-46fd-8b17-56a2068e39fd,0.0,0.0,0.0,0.0,0.0,0.0,0.0,0.0,0.0
f2165cd4-8627-4dcd-b620-b54cfad875fa,0.0,0.0,0.0,0.0,0.0,0.0,0.0,0.0,0.0
804862ed-3f03-4534-9db7-dda652f24387,0.0,0.0,0.0,0.0,0.0,0.0,0.0,0.0,0.0
fbb23eb1-79e5-4f5c-8fd2-07d12590f9ab,0.0,0.0,0.0,0.0,0.0,0.0,0.0,0.0,0.0
a29cbdd8-393e-4c90-97e3-00d9624e625e,0.0,0.0,0.0,0.0,0.0,0.0,0.0,0.0,0.0
0ddb7709-d9f7-456a-a227-71c9aa57b9a1,0.0,0.0,0.0,0.0,0.0,0.0,0.0,0.0,0.0
9a4ce044-d674-4cb0-a8cf-e330fa857125,0.0,0.0,0.0,0.0,0.0,0.0,0.0,0.0,0.0
d854cda9-05b5-403c-864c-f6b21d9655ec,0.0,0.0,0.0,0.0,0.0,0.0,0.0,0.0,0.0
bd004b3a-5a67-49ee-b5a5-afdfe08e5aa7,0.0,0.0,0.0,0.0,0.0,0.0,0.0,0.0,0.0
bd39aa44-4555-4e73-aa42-1757251a92b1,0.0,0.0,0.0,0.0,0.0,0.0,0.0,0.0,0.0
9d5b81cf-3435-49b4-a8d4-7f2ce906312d,0.0,0.0,0.0,0.0,0.0,0.0,0.0,0.0,0.0
9fbfdeab-f375-49a0-b030-27aefcf4ebe2,0.0,0.0,0.0,0.0,0.0,0.0,0.0,0.0,0.0
f9636e73-ecd9-4959-91b9-20e36e651231,0.0,0.0,0.0,0.0,0.0,0.0,0.0,0.0,0.0
54c5a503-27ec-451c-81e6-d610eef73666,0.0,0.0,0.0,0.0,0.0,0.0,0.0,0.0,0.0
87679773-3eec-42fc-892b-b143d4bd5d6f,0.0,0.0,0.0,0.0,0.0,0.0,0.0,0.0,0.0
cfe21f1b-2c25-49b3-8b18-447161bf8e12,0.0,0.0,0.0,0.0,0.0,0.0,0.0,0.0,0.0
5edf441b-901c-42b3-8436-39c6fab563bd,0.0,0.0,0.0,0.0,0.0,0.0,0.0,0.0,0.0
71979658-b314-4131-92ec-87529509adb8,0.0,0.0,0.0,0.0,0.0,0.0,0.0,0.0,0.0
271b6452-9b23-4e6c-be3d-8e30b0dc4910,0.0,0.0,0.0,0.0,0.0,0.0,0.0,0.0,0.0
67f65d63-9f7a-48a0-b120-910512f23427,0.0,0.0,0.0,0.0,0.0,0.0,0.0,0.0,0.0
95b1bfbd-c166-4b6c-a980-193fd0dc2ab0,0.0,0.0,0.0,0.0,0.0,0.0,0.0,0.0,0.0
e50f7ff5-2575-4026-b5b9-6cab680afe19,0.0,0.0,0.0,0.0,0.0,0.0,0.0,0.0,0.0
5d2114db-21d1-4805-becf-69734cf00391,0.0,0.0,0.0,0.0,0.0,0.0,0.0,0.0,0.0
042454b1-8bef-4869-8efa-95e7031f02e8,0.0,0.0,0.0,0.0,0.0,0.0,0.0,0.0,0.0
a2cf6bc9-2baf-4ff7-bc0c-267104b6d179,0.0,0.0,0.0,0.0,0.0,0.0,0.0,0.0,0.0
5ead2d3c-28cf-45b4-80bb-517f787c323f,0.0,0.0,0.0,0.0,0.0,0.0,0.0,0.0,0.0
205cadeb-9451-42c6-8aa0-70e053b96fc6,0.0,0.0,0.0,0.0,0.0,0.0,0.0,0.0,0.0
94c42ee3-5858-4f12-8bf3-4a6c1ddabbb4,0.0,0.0,0.0,0.0,0.0,0.0,0.0,0.0,0.0
aa1d0fd6-5e2e-4832-9565-3f6b32769e92,0.0,0.0,0.0,0.0,0.0,0.0,0.0,0.0,0.0
667ccd2c-9b5b-4a22-8411-90cbff82d9e2,0.0,0.0,0.0,0.0,0.0,0.0,0.0,0.0,0.0
18cbdb71-2f67-4e74-8702-b88b142b1a49,0.0,0.0,0.0,0.0,0.0,0.0,0.0,0.0,0.0
046ef719-e596-4bf3-a6d2-0efdc7461188,0.0,0.0,0.0,0.0,0.0,0.0,0.0,0.0,0.0
f667e2cd-1546-4a41-b21a-ef797d0a4a57,0.0,0.0,0.0,0.0,0.0,0.0,0.0,0.0,0.0
fbc599bf-8339-4657-a7ac-0e086d546b67,0.0,0.0,0.0,0.0,0.0,0.0,0.0,0.0,0.0
8b516507-24cd-482b-8d16-8a57ab38fbb9,0.0,0.0,0.0,0.0,0.0,0.0,0.0,0.0,0.0
5d5590a7-36d6-43ec-9055-94f1da1c36cf,0.0,0.0,0.0,0.0,0.0,0.0,0.0,0.0,0.0
7f1e8c76-e15d-4af0-bf35-89ca627d3452,0.0,0.0,0.0,0.0,0.0,0.0,0.0,0.0,0.0
26b6cff3-457d-4337-99cc-331955df85a0,0.0,0.0,0.0,0.0,0.0,0.0,0.0,0.0,0.0
79e47389-8820-44d7-b7c0-6e950b4f2cb7,0.0,0.0,0.0,0.0,0.0,0.0,0.0,0.0,0.0
d74de485-c6ab-45c5-96e9-f83f4196b7fb,0.0,0.0,0.0,0.0,0.0,0.0,0.0,0.0,0.0
a8f7f150-6b4a-4d84-81d8-6a09a2ae8f69,0.0,0.0,0.0,0.0,0.0,0.0,0.0,0.0,0.0
3aaa3f0d-ec85-4e13-9f07-68441460bc50,0.0,0.0,0.0,0.0,0.0,0.0,0.0,0.0,0.0
bbb67396-abc1-42ac-85d2-30ad28fd17ea,0.0,0.0,0.0,0.0,0.0,0.0,0.0,0.0,0.0
78560113-cf97-41ac-b047-8f39b6ae460c,0.0,0.0,0.0,0.0,0.0,0.0,0.0,0.0,0.0
5ea7a8c1-23bf-49ec-94fc-da69d28234f4,0.0,0.0,0.0,0.0,0.0,0.0,0.0,0.0,0.0
6cc72a91-913e-4736-bd40-ca013a3e8295,0.0,0.0,0.0,0.0,0.0,0.0,0.0,0.0,0.0
2f1acd30-2a59-4ecf-83d6-e89931ac79b9,0.0,0.0,0.0,0.0,0.0,0.0,0.0,0.0,0.0
ba506784-037d-46fb-84fd-bd7c55df4847,0.0,0.0,0.0,0.0,0.0,0.0,0.0,0.0,0.0
170c3371-8968-4128-962f-7d9b5ac27875,0.0,0.0,0.0,0.0,0.0,0.0,0.0,0.0,0.0
7a4eeb50-e853-429b-87b8-c58c1da17c67,0.0,0.0,0.0,0.0,0.0,0.0,0.0,0.0,0.0
b6887672-1f22-436f-83f5-6e7b747d4e1c,0.0,0.0,0.0,0.0,0.0,0.0,0.0,0.0,0.0
2b2a55db-60ec-49cd-93ca-27fa33037678,0.0,0.0,0.0,0.0,0.0,0.0,0.0,0.0,0.0
ea1553c2-5c39-40ed-a770-03abe6f267ce,0.0,0.0,0.0,0.0,0.0,0.0,0.0,0.0,0.0
559f9387-ec7e-4f4c-a9d9-d7fa83de59ca,0.0,0.0,0.0,0.0,0.0,0.0,0.0,0.0,0.0
491227e2-47ad-445d-91d0-74c64324e7d7,0.0,0.0,0.0,0.0,0.0,0.0,0.0,0.0,0.0
89cafbe6-859b-4c09-8326-7f78a2a35b40,0.0,0.0,0.0,0.0,0.0,0.0,0.0,0.0,0.0
77376e26-4b73-4547-bc89-7fc10dc9f8a1,0.0,0.0,0.0,0.0,0.0,0.0,0.0,0.0,0.0
01436dbe-011a-4f2c-9c8c-ad0995d3deaa,0.0,0.0,0.0,0.0,0.0,0.0,0.0,0.0,0.0
b62b8713-0c07-435b-9587-bceb41783ca7,0.0,0.0,0.0,0.0,0.0,0.0,0.0,0.0,0.0
3b572fc0-c712-45b6-a54b-a211f9a1e855,0.0,0.0,0.0,0.0,0.0,0.0,0.0,0.0,0.0
a25aebd5-1d5e-4a2d-a6d6-bed151114428,0.0,0.0,0.0,0.0,0.0,0.0,0.0,0.0,0.0
d7fdd9a8-1d80-4ab2-90c1-479a24ca098e,0.0,0.0,0.0,0.0,0.0,0.0,0.0,0.0,0.0
2fe63d5a-bf78-4bb2-a686-be1f39339798,0.0,0.0,0.0,0.0,0.0,0.0,0.0,0.0,0.0
d7f8522d-0158-4495-adb1-59ccdf051f06,0.0,0.0,0.0,0.0,0.0,0.0,0.0,0.0,0.0
4149f908-5895-43d6-9d44-703a5079ba00,0.0,0.0,0.0,0.0,0.0,0.0,0.0,0.0,0.0
c452a8df-fb9d-4b2d-9bbf-7d9acfac3c64,0.0,0.0,0.0,0.0,0.0,0.0,0.0,0.0,0.0
460f06c0-b95e-4241-8a71-b501e838bc2b,0.0,0.0,0.0,0.0,0.0,0.0,0.0,0.0,0.0
b39e34f9-1029-4c25-8cf1-6296b79fc83a,0.0,0.0,0.0,0.0,0.0,0.0,0.0,0.0,0.0
bdbd98c2-58aa-4bb0-a104-e10b74b644d7,0.0,0.0,0.0,0.0,0.0,0.0,0.0,0.0,0.0
4d93adb7-e8af-4862-941b-ade9eea45e72,0.0,0.0,0.0,0.0,0.0,0.0,0.0,0.0,0.0
3879122c-24b4-4286-9e3d-8259524ed42a,0.0,0.0,0.0,0.0,0.0,0.0,0.0,0.0,0.0
6ec38a2b-eb4a-41ea-b66f-05fff95cdbd6,0.0,0.0,0.0,0.0,0.0,0.0,0.0,0.0,0.0
e91a8a1f-defb-46cf-99d5-5811bd73963f,0.0,0.0,0.0,0.0,0.0,0.0,0.0,0.0,0.0
3eb9384b-5a9d-4ade-ae62-a7c1be2558ba,0.0,0.0,0.0,0.0,0.0,0.0,0.0,0.0,0.0
ff3b20c6-b531-40e3-ad06-01a9839661b7,0.0,0.0,0.0,0.0,0.0,0.0,0.0,0.0,0.0
f9a8bdb0-87ad-44a1-8750-8afb20b99747,0.0,0.0,0.0,0.0,0.0,0.0,0.0,0.0,0.0
4eb60dfb-095b-4be3-8253-45b92fc87274,0.0,0.0,0.0,0.0,0.0,0.0,0.0,0.0,0.0
4bc6499a-d45a-4100-9e40-08df54b338bc,0.0,0.0,0.0,0.0,0.0,0.0,0.0,0.0,0.0
a7665d5b-a238-46ad-a349-e269d1e8c226,0.0,0.0,0.0,0.0,0.0,0.0,0.0,0.0,0.0
7acab961-836c-4b84-99d7-d58b988ad51c,0.0,0.0,0.0,0.0,0.0,0.0,0.0,0.0,0.0
ed976902-152f-416b-adea-46b5302bac36,0.0,0.0,0.0,0.0,0.0,0.0,0.0,0.0,0.0
c704d1f4-814d-45dc-9d8c-735336b227a3,0.0,0.0,0.0,0.0,0.0,0.0,0.0,0.0,0.0
fc739e37-5ca9-4c36-8da6-e50bef08d2a9,0.0,0.0,0.0,0.0,0.0,0.0,0.0,0.0,0.0
89c23458-250b-4b10-8e94-8d499bdd5498,0.0,0.0,0.0,0.0,0.0,0.0,0.0,0.0,0.0
6c86624c-abec-490e-be37-360da0dcd20f,0.0,0.0,0.0,0.0,0.0,0.0,0.0,0.0,0.0
44e63caa-fb51-44a2-b544-aef1dd698946,0.0,0.0,0.0,0.0,0.0,0.0,0.0,0.0,0.0
864c741c-d150-4079-b123-52069dbeeb30,0.0,0.0,0.0,0.0,0.0,0.0,0.0,0.0,0.0
db7c1bcb-9538-4ef6-af7f-fd9eba7f0139,0.0,0.0,0.0,0.0,0.0,0.0,0.0,0.0,0.0
2b7f70bc-cf60-4da4-9c52-4ed5b08cb0af,0.0,0.0,0.0,0.0,0.0,0.0,0.0,0.0,0.0
10f71e6e-98d1-4f04-8381-4e7f9a582ee6,0.0,0.0,0.0,0.0,0.0,0.0,0.0,0.0,0.0
2a249c7e-6731-49f7-8ae3-67a6bb53fb71,0.0,0.0,0.0,0.0,0.0,0.0,0.0,0.0,0.0
bf6a13d1-20ae-41cd-acfc-3fd6ad892592,0.0,0.0,0.0,0.0,0.0,0.0,0.0,0.0,0.0
2b8d7290-83a4-49dd-bda8-8eb6f71410eb,0.0,0.0,0.0,0.0,0.0,0.0,0.0,0.0,0.0
6d33bb9e-d366-402f-a5a8-5b9c19aeda14,0.0,0.0,0.0,0.0,0.0,0.0,0.0,0.0,0.0
a1bb2370-76c6-48db-a018-98e3bb26cc6c,0.0,0.0,0.0,0.0,0.0,0.0,0.0,0.0,0.0
06f8054d-e9d1-4c6a-a16b-6200fd544c10,0.0,0.0,0.0,0.0,0.0,0.0,0.0,0.0,0.0
dceb788e-62e3-4b24-bddb-e1e3efcc7010,0.0,0.0,0.0,0.0,0.0,0.0,0.0,0.0,0.0
dcd41b17-b669-4514-8e82-93305548c3a0,0.0,0.0,0.0,0.0,0.0,0.0,0.0,0.0,0.0
dfd6cc53-b67f-44c3-8a77-97ba2d3f1bce,0.0,0.0,0.0,0.0,0.0,0.0,0.0,0.0,0.0
762a040d-a259-4d69-9844-94150ab0e1ed,0.0,0.0,0.0,0.0,0.0,0.0,0.0,0.0,0.0
db76eae8-da8d-4001-8d67-9d50c99819a6,0.0,0.0,0.0,0.0,0.0,0.0,0.0,0.0,0.0
23b9b837-159f-45de-b5bc-748959019e89,0.0,0.0,0.0,0.0,0.0,0.0,0.0,0.0,0.0
0db70d1e-5497-4cea-b8c4-e1b100526016,0.0,0.0,0.0,0.0,0.0,0.0,0.0,0.0,0.0
4db51cbb-615e-463a-9850-9bccaa3325c7,0.0,0.0,0.0,0.0,0.0,0.0,0.0,0.0,0.0
6ab3a8ff-956a-4a64-a439-6d2aa6461706,0.0,0.0,0.0,0.0,0.0,0.0,0.0,0.0,0.0
f99fec61-1540-435d-abb0-ad2e9f347880,0.0,0.0,0.0,0.0,0.0,0.0,0.0,0.0,0.0
223def40-4905-4699-9354-7d96880c3974,0.0,0.0,0.0,0.0,0.0,0.0,0.0,0.0,0.0
80b8fec0-f656-419f-bccb-0998a044b4e1,0.0,0.0,0.0,0.0,0.0,0.0,0.0,0.0,0.0
ac6aad21-2318-48cf-a2d5-6ff48c1dc9af,0.0,0.0,0.0,0.0,0.0,0.0,0.0,0.0,0.0
877c21ea-833b-459d-b98c-beff651c2d12,0.0,0.0,0.0,0.0,0.0,0.0,0.0,0.0,0.0
f93fc728-de04-49cd-bb21-24b9ef3f4620,0.0,0.0,0.0,0.0,0.0,0.0,0.0,0.0,0.0
37e236ae-9cd6-4e04-9f31-bb7c00142f2f,0.0,0.0,0.0,0.0,0.0,0.0,0.0,0.0,0.0
9fd0315d-0c9e-46ec-9548-c818337272d4,0.0,0.0,0.0,0.0,0.0,0.0,0.0,0.0,0.0
55341300-11e8-4ef7-80b8-8cf8fbc54acd,0.0,0.0,0.0,0.0,0.0,0.0,0.0,0.0,0.0
71140f76-70ab-4870-b3c9-5f74b80272f6,0.0,0.0,0.0,0.0,0.0,0.0,0.0,0.0,0.0
ca069d1b-5211-4b9b-b2c8-8aab251ff0d3,0.0,0.0,0.0,0.0,0.0,0.0,0.0,0.0,0.0
eb8aec0b-d07d-4bf5-91e5-edfc4fff488b,0.0,0.0,0.0,0.0,0.0,0.0,0.0,0.0,0.0
967fd4fd-083c-4b39-a0c7-9dd119995cdc,0.0,0.0,0.0,0.0,0.0,0.0,0.0,0.0,0.0
495268ac-17e3-4fed-ac7b-5c3b7c8f5126,0.0,0.0,0.0,0.0,0.0,0.0,0.0,0.0,0.0
e0c7ad92-dd11-4ada-a34c-bb3cf98d0f3a,0.0,0.0,0.0,0.0,0.0,0.0,0.0,0.0,0.0
88ded410-842e-4fc0-94f1-499f68f62fb8,0.0,0.0,0.0,0.0,0.0,0.0,0.0,0.0,0.0
f4ae1e4e-8966-4931-b119-8e390bb55724,0.0,0.0,0.0,0.0,0.0,0.0,0.0,0.0,0.0
86c4f33e-9fbf-41a5-a4d4-c7d8366b1fe3,0.0,0.0,0.0,0.0,0.0,0.0,0.0,0.0,0.0
8e951d08-e6f0-43bf-a1dc-31eed5bea6c5,0.0,0.0,0.0,0.0,0.0,0.0,0.0,0.0,0.0
91e95fbb-0a1b-49cb-aea9-812d8802b36f,0.0,0.0,0.0,0.0,0.0,0.0,0.0,0.0,0.0
b6d48086-3fca-4523-a362-5fd2fafe9af5,0.0,0.0,0.0,0.0,0.0,0.0,0.0,0.0,0.0
77e23cd0-364a-4071-8377-81ffebfbafe8,0.0,0.0,0.0,0.0,0.0,0.0,0.0,0.0,0.0
e8688d9a-0af8-4481-af88-b67708bbf6b2,0.0,0.0,0.0,0.0,0.0,0.0,0.0,0.0,0.0
b8e8e782-a1da-466d-8457-27d261d7a919,0.0,0.0,0.0,0.0,0.0,0.0,0.0,0.0,0.0
d7080c73-1e15-45fb-9636-79ea9fc439f4,0.0,0.0,0.0,0.0,0.0,0.0,0.0,0.0,0.0
c30c3fe0-b9af-4a0c-a026-8ebec1481e32,0.0,0.0,0.0,0.0,0.0,0.0,0.0,0.0,0.0
0cd3e601-f283-41f9-b53a-7836482e7aa1,0.0,0.0,0.0,0.0,0.0,0.0,0.0,0.0,0.0
f76cd753-02bf-4a46-81ff-8c71bb56a120,0.0,0.0,0.0,0.0,0.0,0.0,0.0,0.0,0.0
f0dc4061-86b1-4433-be8e-59da36e77308,0.0,0.0,0.0,0.0,0.0,0.0,0.0,0.0,0.0
b3289e23-5efe-4fd5-9f2c-1231bf9de538,0.0,0.0,0.0,0.0,0.0,0.0,0.0,0.0,0.0
fe3a1ae7-2ba3-4181-9476-8e1de59cd29e,0.0,0.0,0.0,0.0,0.0,0.0,0.0,0.0,0.0
54cc812c-71c9-4f0f-a031-a05b54407cf2,0.0,0.0,0.0,0.0,0.0,0.0,0.0,0.0,0.0
e880378e-9e40-400e-850b-d9dec4b015b3,0.0,0.0,0.0,0.0,0.0,0.0,0.0,0.0,0.0
20c008c3-2215-492b-a00c-1cdf2bba7032,0.0,0.0,0.0,0.0,0.0,0.0,0.0,0.0,0.0
7f49a623-084e-4d6f-ba8d-066245df8cd2,0.0,0.0,0.0,0.0,0.0,0.0,0.0,0.0,0.0
4aff5ba7-0ee4-4c57-84cb-16e5c9a2026b,0.0,0.0,0.0,0.0,0.0,0.0,0.0,0.0,0.0
95876682-d891-4f8c-b902-67b8682e96ca,0.0,0.0,0.0,0.0,0.0,0.0,0.0,0.0,0.0
263279fd-49c2-48a4-9b11-daaac0ef68b1,0.0,0.0,0.0,0.0,0.0,0.0,0.0,0.0,0.0
23652c18-a3ce-4963-b1fa-562453bea92b,0.0,0.0,0.0,0.0,0.0,0.0,0.0,0.0,0.0
ba7decbb-a3e6-4f9a-85b0-8ed8c4caa501,0.0,0.0,0.0,0.0,0.0,0.0,0.0,0.0,0.0
f48eea87-e3b6-4451-bf6f-14335b65061b,0.0,0.0,0.0,0.0,0.0,0.0,0.0,0.0,0.0
71ee2300-f1d0-44ce-8e56-c919d7b773ca,0.0,0.0,0.0,0.0,0.0,0.0,0.0,0.0,0.0
02fe4056-4d61-4f86-863d-0e4614466ba3,0.0,0.0,0.0,0.0,0.0,0.0,0.0,0.0,0.0
51df82b4-70b5-45b0-adb3-a073f2c3e7c7,0.0,0.0,0.0,0.0,0.0,0.0,0.0,0.0,0.0
bcd96b77-ec44-4cdc-8054-26bb619c57e1,0.0,0.0,0.0,0.0,0.0,0.0,0.0,0.0,0.0
ae0ba863-329e-47d1-a47a-972d535b7652,0.0,0.0,0.0,0.0,0.0,0.0,0.0,0.0,0.0
31106ff1-efa7-4bb5-8531-97d19f04de65,0.0,0.0,0.0,0.0,0.0,0.0,0.0,0.0,0.0
81a5bc84-7c43-4d11-9614-aa8754ae85b1,0.0,0.0,0.0,0.0,0.0,0.0,0.0,0.0,0.0
ae807e2c-d76e-46b9-b941-d27d08544e62,0.0,0.0,0.0,0.0,0.0,0.0,0.0,0.0,0.0
b90f5ff5-b2cb-4531-8f34-ac812e86d988,0.0,0.0,0.0,0.0,0.0,0.0,0.0,0.0,0.0
948db47a-3142-403b-ab41-1b1a02f773cf,0.0,0.0,0.0,0.0,0.0,0.0,0.0,0.0,0.0
9ccf9715-cc19-4cc6-aab8-ae69991d8edb,0.0,0.0,0.0,0.0,0.0,0.0,0.0,0.0,0.0
aaf1a57b-9740-4f35-b205-02c9bd6bb69b,0.0,0.0,0.0,0.0,0.0,0.0,0.0,0.0,0.0
9f89738d-a8a0-4a0c-b7a0-ce30327fa0df,0.0,0.0,0.0,0.0,0.0,0.0,0.0,0.0,0.0
b2e7a90c-e309-4ae4-8118-997c66cb919e,0.0,0.0,0.0,0.0,0.0,0.0,0.0,0.0,0.0
bb96f6f8-498a-4994-9008-967db85e054f,0.0,0.0,0.0,0.0,0.0,0.0,0.0,0.0,0.0
93f4669a-8f1d-4a84-8e70-2c44bf565055,0.0,0.0,0.0,0.0,0.0,0.0,0.0,0.0,0.0
85965b86-1adb-42cb-8603-1dae57f5d73d,0.0,0.0,0.0,0.0,0.0,0.0,0.0,0.0,0.0
446c296c-d6bf-4073-8cf6-0f5087d16573,0.0,0.0,0.0,0.0,0.0,0.0,0.0,0.0,0.0
5404be9c-1027-4f30-8f83-47da33be7f08,0.0,0.0,0.0,0.0,0.0,0.0,0.0,0.0,0.0
89947369-b354-4f95-8fe1-ad0ea17d5cf1,0.0,0.0,0.0,0.0,0.0,0.0,0.0,0.0,0.0
f5d26b66-e47b-4ad4-8f84-222bcc577f25,0.0,0.0,0.0,0.0,0.0,0.0,0.0,0.0,0.0
3e8f81a6-724c-431a-a914-838436a976d3,0.0,0.0,0.0,0.0,0.0,0.0,0.0,0.0,0.0
d30ea4d6-c47b-4538-8210-13fad38aa6ba,0.0,0.0,0.0,0.0,0.0,0.0,0.0,0.0,0.0
fe3b4167-144f-4bd2-ac65-fb6417e021be,0.0,0.0,0.0,0.0,0.0,0.0,0.0,0.0,0.0
ba16c40f-17de-4201-b87a-bf3b74ca72da,0.0,0.0,0.0,0.0,0.0,0.0,0.0,0.0,0.0
68823c62-5812-4de4-adc3-05ba88f5e476,0.0,0.0,0.0,0.0,0.0,0.0,0.0,0.0,0.0
4c6be0ce-9e5f-4158-8ca5-0b6728f630ea,0.0,0.0,0.0,0.0,0.0,0.0,0.0,0.0,0.0
0bb3dcff-256d-4050-a3b9-cf0288787932,0.0,0.0,0.0,0.0,0.0,0.0,0.0,0.0,0.0
546120a1-df4d-4949-853d-683442460ab8,0.0,0.0,0.0,0.0,0.0,0.0,0.0,0.0,0.0
d92c5923-bed7-447b-9d5e-6d45400facfd,0.0,0.0,0.0,0.0,0.0,0.0,0.0,0.0,0.0
faa09ece-ac8d-4255-9d62-3d31ea13f800,0.0,0.0,0.0,0.0,0.0,0.0,0.0,0.0,0.0
e0e52ef3-0e3f-4a9d-bf77-3f35e1b5826d,0.0,0.0,0.0,0.0,0.0,0.0,0.0,0.0,0.0
ae374ba0-e9fd-43c1-9541-dffec0b9ee62,0.0,0.0,0.0,0.0,0.0,0.0,0.0,0.0,0.0
74cd5d4f-3acb-45d3-83d3-4a3dc380d9e7,0.0,0.0,0.0,0.0,0.0,0.0,0.0,0.0,0.0
4afbf286-23c3-4a87-97f2-a438df4da97e,0.0,0.0,0.0,0.0,0.0,0.0,0.0,0.0,0.0
c756192d-6b04-4073-8ab8-fa1ed21f360e,0.0,0.0,0.0,0.0,0.0,0.0,0.0,0.0,0.0
9a5dc9f1-2283-485f-8021-ab5061bafff4,0.0,0.0,0.0,0.0,0.0,0.0,0.0,0.0,0.0
059ed639-f505-41a4-a4e6-343ddeea48cc,0.0,0.0,0.0,0.0,0.0,0.0,0.0,0.0,0.0
e5241eea-cd1f-46da-ba58-a08498f9f286,0.0,0.0,0.0,0.0,0.0,0.0,0.0,0.0,0.0
2bea16cb-c390-4a93-b213-b1e32078f09c,0.0,0.0,0.0,0.0,0.0,0.0,0.0,0.0,0.0
7ab9617c-aa84-466e-b4d8-b1b821e38cb2,0.0,0.0,0.0,0.0,0.0,0.0,0.0,0.0,0.0
0be6b701-ada4-4095-a7ef-251984472e23,0.0,0.0,0.0,0.0,0.0,0.0,0.0,0.0,0.0
77445e2b-f87e-41cc-9635-df71d2969c7b,0.0,0.0,0.0,0.0,0.0,0.0,0.0,0.0,0.0
43918ed1-c374-4385-9764-101322c6d741,0.0,0.0,0.0,0.0,0.0,0.0,0.0,0.0,0.0
8c6f7351-f8d0-4d1a-9bcd-24989f90a0f4,0.0,0.0,0.0,0.0,0.0,0.0,0.0,0.0,0.0
d63490ea-61c4-43a8-abfd-0cfcd2f61e6e,0.0,0.0,0.0,0.0,0.0,0.0,0.0,0.0,0.0
642530c2-c67d-48e8-8f90-fe3f26542571,0.0,0.0,0.0,0.0,0.0,0.0,0.0,0.0,0.0
c2d0f34b-570f-433d-a098-eca71fb963a4,0.0,0.0,0.0,0.0,0.0,0.0,0.0,0.0,0.0
17d4f07a-bcdb-421e-acaf-fb9106737094,0.0,0.0,0.0,0.0,0.0,0.0,0.0,0.0,0.0
f24f9ed1-0863-405c-a7e6-92af07d14c69,0.0,0.0,0.0,0.0,0.0,0.0,0.0,0.0,0.0
2d6d8104-a1de-498f-86ad-1818aa3d33eb,0.0,0.0,0.0,0.0,0.0,0.0,0.0,0.0,0.0
2c88307d-6ee9-44b0-99ce-4b4508e77056,0.0,0.0,0.0,0.0,0.0,0.0,0.0,0.0,0.0
ea3f0104-df52-4ba6-b299-a4633652a79a,0.0,0.0,0.0,0.0,0.0,0.0,0.0,0.0,0.0
36d82e03-0870-4386-ae32-0b8a1eb736c3,0.0,0.0,0.0,0.0,0.0,0.0,0.0,0.0,0.0
b11855c6-1ec9-46e0-8487-68fb8afad480,0.0,0.0,0.0,0.0,0.0,0.0,0.0,0.0,0.0
5f2b6aae-b3ed-46c1-af09-58c3865750b0,0.0,0.0,0.0,0.0,0.0,0.0,0.0,0.0,0.0
1c48ca77-fdb9-4fe7-8051-5660327ca78d,0.0,0.0,0.0,0.0,0.0,0.0,0.0,0.0,0.0
5e5b23b3-051d-44a0-b3ca-867a899e2e82,0.0,0.0,0.0,0.0,0.0,0.0,0.0,0.0,0.0
095ecddb-c538-4ef5-906b-47cd0e119d9e,0.0,0.0,0.0,0.0,0.0,0.0,0.0,0.0,0.0
02c39c55-543c-43ee-b8eb-bdc9adf8396c,0.0,0.0,0.0,0.0,0.0,0.0,0.0,0.0,0.0
af139760-ef70-463c-8a33-98b86fb771e0,0.0,0.0,0.0,0.0,0.0,0.0,0.0,0.0,0.0
eb5db723-9537-4885-9176-036692d9d41b,0.0,0.0,0.0,0.0,0.0,0.0,0.0,0.0,0.0
4257970d-18ec-48bc-8dc1-398c77ac481b,0.0,0.0,0.0,0.0,0.0,0.0,0.0,0.0,0.0
0c52f92e-c904-4c4d-aa33-f28818a016ba,0.0,0.0,0.0,0.0,0.0,0.0,0.0,0.0,0.0
d9a6ee7e-28bb-42e9-9d20-a100f691a511,0.0,0.0,0.0,0.0,0.0,0.0,0.0,0.0,0.0
e9c9b116-fdf4-42b0-8f80-0801006634d9,0.0,0.0,0.0,0.0,0.0,0.0,0.0,0.0,0.0
aa2f39f8-b995-426a-8598-2fc405bb43f0,0.0,0.0,0.0,0.0,0.0,0.0,0.0,0.0,0.0
e968e0b5-cedc-4047-8d2b-1eaa1aa8018e,0.0,0.0,0.0,0.0,0.0,0.0,0.0,0.0,0.0
defdbe29-ad35-42a9-8d60-d05b3588a5c0,0.0,0.0,0.0,0.0,0.0,0.0,0.0,0.0,0.0
9c8ff667-f7e6-4d81-9195-b58b000a6ba5,0.0,0.0,0.0,0.0,0.0,0.0,0.0,0.0,0.0
3a99ca44-e5b7-4cd1-9c46-1af5bde3b4be,0.0,0.0,0.0,0.0,0.0,0.0,0.0,0.0,0.0
1a9fe392-de5c-4fcd-a461-e084c8fcf53c,0.0,0.0,0.0,0.0,0.0,0.0,0.0,0.0,0.0
fab51c81-34a1-45bd-93fc-1563b785950c,0.0,0.0,0.0,0.0,0.0,0.0,0.0,0.0,0.0
d74de943-6286-41d1-b9a4-c947524fbc42,0.0,0.0,0.0,0.0,0.0,0.0,0.0,0.0,0.0
ef7421b7-a9f0-46e8-ab4b-2ff58f5ff80d,0.0,0.0,0.0,0.0,0.0,0.0,0.0,0.0,0.0
ca711898-25f6-43bc-8e13-f0cc941a6421,0.0,0.0,0.0,0.0,0.0,0.0,0.0,0.0,0.0
73ae8801-ec94-43fe-be3a-74ac6857dc88,0.0,0.0,0.0,0.0,0.0,0.0,0.0,0.0,0.0
01d4c168-c43c-4064-951b-205ae8318275,0.0,0.0,0.0,0.0,0.0,0.0,0.0,0.0,0.0
a6c03632-c3b2-4a9f-bf46-02a759b68c5c,0.0,0.0,0.0,0.0,0.0,0.0,0.0,0.0,0.0
c9db22b2-8717-42f9-8003-8dbc622133f4,0.0,0.0,0.0,0.0,0.0,0.0,0.0,0.0,0.0
35d467b0-2ff3-4436-8fc5-24855cb78923,0.0,0.0,0.0,0.0,0.0,0.0,0.0,0.0,0.0
8d329a02-f014-4e64-805b-bf2cb3f0666c,0.0,0.0,0.0,0.0,0.0,0.0,0.0,0.0,0.0
7c0af9ef-6354-455b-adf7-8ca09ceb8054,0.0,0.0,0.0,0.0,0.0,0.0,0.0,0.0,0.0
e8889e10-017e-4dcf-bca9-03bca5c34b3b,0.0,0.0,0.0,0.0,0.0,0.0,0.0,0.0,0.0
631f907e-9d44-4f50-82d1-eb73cb6c785c,0.0,0.0,0.0,0.0,0.0,0.0,0.0,0.0,0.0
f570b1a4-8eef-43ee-8537-f2d47d5107b1,0.0,0.0,0.0,0.0,0.0,0.0,0.0,0.0,0.0
57321322-913a-4d06-bb90-4d07a6501146,0.0,0.0,0.0,0.0,0.0,0.0,0.0,0.0,0.0
80cc07a7-a03c-4bd9-bc13-4ac9e8f5dfd9,0.0,0.0,0.0,0.0,0.0,0.0,0.0,0.0,0.0
c4eecf2e-6fe4-4f76-8407-fc9308bc4012,0.0,0.0,0.0,0.0,0.0,0.0,0.0,0.0,0.0
d39ad0eb-5271-4e1c-ab6f-8be1af7fe306,0.0,0.0,0.0,0.0,0.0,0.0,0.0,0.0,0.0
609a788f-e091-44e1-bb86-0541fc465cf6,0.0,0.0,0.0,0.0,0.0,0.0,0.0,0.0,0.0
dd21cfa8-0ba1-4d1d-a4a1-60593b5d681d,0.0,0.0,0.0,0.0,0.0,0.0,0.0,0.0,0.0
82f13559-4687-4e96-ba5a-fea4c6225d3d,0.0,0.0,0.0,0.0,0.0,0.0,0.0,0.0,0.0
61e0bdf5-bd35-4803-90ef-f713cbc72ed2,0.0,0.0,0.0,0.0,0.0,0.0,0.0,0.0,0.0
a015b805-47cf-4e9b-956a-e3bb9c2e9d10,0.0,0.0,0.0,0.0,0.0,0.0,0.0,0.0,0.0
ebfec1d1-8692-4df7-b698-c852e5913e4d,0.0,0.0,0.0,0.0,0.0,0.0,0.0,0.0,0.0
91009fba-c761-4d5b-9d48-f5d363a94ba8,0.0,0.0,0.0,0.0,0.0,0.0,0.0,0.0,0.0
ea9b782b-4ad2-42af-9796-38e623172e13,0.0,0.0,0.0,0.0,0.0,0.0,0.0,0.0,0.0
61293000-f30f-4a6d-9bfd-8c950f1bfdb2,0.0,0.0,0.0,0.0,0.0,0.0,0.0,0.0,0.0
2188f465-1338-436c-8e54-6f806410a82a,0.0,0.0,0.0,0.0,0.0,0.0,0.0,0.0,0.0
36285ab2-b292-4faf-ab6c-8838df270db0,0.0,0.0,0.0,0.0,0.0,0.0,0.0,0.0,0.0
8b9bb5d9-8b0a-4a78-aca1-966eaf6ecf3e,0.0,0.0,0.0,0.0,0.0,0.0,0.0,0.0,0.0
509e3df1-ef04-4e30-bb83-e090cce0cc55,0.0,0.0,0.0,0.0,0.0,0.0,0.0,0.0,0.0
f3748217-b8d2-4813-8603-6a7628d65486,0.0,0.0,0.0,0.0,0.0,0.0,0.0,0.0,0.0
930a71d5-c655-44ff-b288-e0c53999aaa9,0.0,0.0,0.0,0.0,0.0,0.0,0.0,0.0,0.0
8f01b757-8853-4a3e-8d0c-2e0438afaa08,0.0,0.0,0.0,0.0,0.0,0.0,0.0,0.0,0.0
74701d69-e542-489b-8ddd-c21abed7f4e8,0.0,0.0,0.0,0.0,0.0,0.0,0.0,0.0,0.0
a27e2e3a-c2c8-444f-b053-8708242a80c0,0.0,0.0,0.0,0.0,0.0,0.0,0.0,0.0,0.0
efa1ee87-2156-4927-acef-fa67519b6abb,0.0,0.0,0.0,0.0,0.0,0.0,0.0,0.0,0.0
42acd005-a6ea-484a-b5f2-735a1c8becc8,0.0,0.0,0.0,0.0,0.0,0.0,0.0,0.0,0.0
cc23ff06-66a3-4572-a9cd-0232b6f7bb29,0.0,0.0,0.0,0.0,0.0,0.0,0.0,0.0,0.0
6afa65fd-2c72-4e64-810d-a9b3cc7b3ecd,0.0,0.0,0.0,0.0,0.0,0.0,0.0,0.0,0.0
9e011b36-9a79-48f3-a12f-fa10e0f08feb,0.0,0.0,0.0,0.0,0.0,0.0,0.0,0.0,0.0
da0318ed-4557-481e-9b98-7b5b67070a1b,0.0,0.0,0.0,0.0,0.0,0.0,0.0,0.0,0.0
52974ade-186d-4276-b795-c2747ae4ebcd,0.0,0.0,0.0,0.0,0.0,0.0,0.0,0.0,0.0
9419f134-2816-4222-838c-5289ccd5b8e3,0.0,0.0,0.0,0.0,0.0,0.0,0.0,0.0,0.0
56e20167-89e0-4b59-bcb4-d4d2d1239d65,0.0,0.0,0.0,0.0,0.0,0.0,0.0,0.0,0.0
ce5dd792-51be-4b6c-ac1e-0ee7daff46a1,0.0,0.0,0.0,0.0,0.0,0.0,0.0,0.0,0.0
2371d515-950d-4e1f-9460-c86889d497fa,0.0,0.0,0.0,0.0,0.0,0.0,0.0,0.0,0.0
a84409ef-cf06-47c2-b338-bc38ca89e0d3,0.0,0.0,0.0,0.0,0.0,0.0,0.0,0.0,0.0
a78e07a3-3566-4c4c-9133-ba2341405ef3,0.0,0.0,0.0,0.0,0.0,0.0,0.0,0.0,0.0
28e0d86d-387e-4179-9550-a0bc2921fd80,0.0,0.0,0.0,0.0,0.0,0.0,0.0,0.0,0.0
5f26628c-7dc5-4f4a-935d-871554d19b40,0.0,0.0,0.0,0.0,0.0,0.0,0.0,0.0,0.0
6c77835f-ece7-4861-ac2f-f27150bc103c,0.0,0.0,0.0,0.0,0.0,0.0,0.0,0.0,0.0
615894de-64f5-4499-bfe7-d81e3316cd28,0.0,0.0,0.0,0.0,0.0,0.0,0.0,0.0,0.0
ba83ca91-ab02-4709-8ecb-a7771dd7bf7a,0.0,0.0,0.0,0.0,0.0,0.0,0.0,0.0,0.0
3c687e64-5d35-4ce4-bbac-5f0222905918,0.0,0.0,0.0,0.0,0.0,0.0,0.0,0.0,0.0
846aa867-2d7d-438b-bb7e-87c955b24098,0.0,0.0,0.0,0.0,0.0,0.0,0.0,0.0,0.0
57009839-fae7-4d31-a8b8-a6ff64ddfe11,0.0,0.0,0.0,0.0,0.0,0.0,0.0,0.0,0.0
2cb47791-e50e-43b6-befc-8d5173a1d540,0.0,0.0,0.0,0.0,0.0,0.0,0.0,0.0,0.0
58466fb3-0ef8-4cf7-b450-0df721e0aa49,0.0,0.0,0.0,0.0,0.0,0.0,0.0,0.0,0.0
4587d9f5-15f8-49d8-b9fe-9fb78f958bf9,0.0,0.0,0.0,0.0,0.0,0.0,0.0,0.0,0.0
b96c0701-ef70-48bd-94e1-7e2c51692587,0.0,0.0,0.0,0.0,0.0,0.0,0.0,0.0,0.0
982fb60d-39af-49b2-b181-8148474af643,0.0,0.0,0.0,0.0,0.0,0.0,0.0,0.0,0.0
931fbde9-9026-4eff-82e8-4851925ea34e,0.0,0.0,0.0,0.0,0.0,0.0,0.0,0.0,0.0
b756e31c-aff7-453c-8881-ec4801370863,0.0,0.0,0.0,0.0,0.0,0.0,0.0,0.0,0.0
b63f1335-7ef1-4475-a7b4-d66c2955da5a,0.0,0.0,0.0,0.0,0.0,0.0,0.0,0.0,0.0
072c6ecc-5788-4c40-b48a-1a842adbefad,0.0,0.0,0.0,0.0,0.0,0.0,0.0,0.0,0.0
0d41037b-602e-4fd0-9e46-821bdafd67a6,0.0,0.0,0.0,0.0,0.0,0.0,0.0,0.0,0.0
392deee3-c490-4bd6-9995-7361c509382b,0.0,0.0,0.0,0.0,0.0,0.0,0.0,0.0,0.0
1a1910c4-b0d5-49c2-b32c-214f18a3728f,0.0,0.0,0.0,0.0,0.0,0.0,0.0,0.0,0.0
900b0fef-8fb7-4eb2-b187-c40491d600ff,0.0,0.0,0.0,0.0,0.0,0.0,0.0,0.0,0.0
f369672f-5677-4e37-bc06-5efcc4f3723f,0.0,0.0,0.0,0.0,0.0,0.0,0.0,0.0,0.0
51ea6d35-2586-414a-b0bc-0c975101d9bb,0.0,0.0,0.0,0.0,0.0,0.0,0.0,0.0,0.0
39c3ef48-0d03-4581-9e9a-8e490b404a63,0.0,0.0,0.0,0.0,0.0,0.0,0.0,0.0,0.0
596a5ce4-a65c-4e74-a3d1-4362bf16d4e7,0.0,0.0,0.0,0.0,0.0,0.0,0.0,0.0,0.0
a474b988-0df0-4de8-bdf5-9d617a73f66b,0.0,0.0,0.0,0.0,0.0,0.0,0.0,0.0,0.0
0d741a99-1000-4a69-b8b2-354eca5d0b10,0.0,0.0,0.0,0.0,0.0,0.0,0.0,0.0,0.0
1ccdee45-c53f-424a-870b-c2a65bec6dcb,0.0,0.0,0.0,0.0,0.0,0.0,0.0,0.0,0.0
5975039c-e41d-46dd-a2f7-c7d10c000fa7,0.0,0.0,0.0,0.0,0.0,0.0,0.0,0.0,0.0
56a80258-dbaa-4c20-90a1-417753a4eeca,0.0,0.0,0.0,0.0,0.0,0.0,0.0,0.0,0.0
9e4fd99e-59fc-479d-a2c2-9e1bf17835de,0.0,0.0,0.0,0.0,0.0,0.0,0.0,0.0,0.0
3042dea3-33ed-4c82-a90f-ef831805235c,0.0,0.0,0.0,0.0,0.0,0.0,0.0,0.0,0.0
8e61b37a-77a4-44ba-b63d-e1a64e07700b,0.0,0.0,0.0,0.0,0.0,0.0,0.0,0.0,0.0
dd76aa75-40d0-4a57-9755-d2ff8e380d88,0.0,0.0,0.0,0.0,0.0,0.0,0.0,0.0,0.0
8266c0de-77ce-4a9e-be8a-021fde5e26de,0.0,0.0,0.0,0.0,0.0,0.0,0.0,0.0,0.0
3297a58e-3ab8-4e3a-8ec4-454e598aae6c,0.0,0.0,0.0,0.0,0.0,0.0,0.0,0.0,0.0
63f731f7-03bd-4859-a2fd-915e6a43411b,0.0,0.0,0.0,0.0,0.0,0.0,0.0,0.0,0.0
f88c5300-4dbe-4ada-8642-8e45ea1970e7,0.0,0.0,0.0,0.0,0.0,0.0,0.0,0.0,0.0
16a8a7bc-0241-4aeb-ab70-ebc097db6d39,0.0,0.0,0.0,0.0,0.0,0.0,0.0,0.0,0.0
d72ed3b2-96dc-437d-aeca-55afe33ab099,0.0,0.0,0.0,0.0,0.0,0.0,0.0,0.0,0.0
d62b3ef0-9834-4b7f-8d69-8584461432f7,0.0,0.0,0.0,0.0,0.0,0.0,0.0,0.0,0.0
61454d26-5fef-4051-bec8-660fc18b1577,0.0,0.0,0.0,0.0,0.0,0.0,0.0,0.0,0.0
10c8d988-14e1-4079-96a9-6ba39c2c9540,0.0,0.0,0.0,0.0,0.0,0.0,0.0,0.0,0.0
f80cb97d-4e02-4a73-9696-e21ac0e6dc8b,0.0,0.0,0.0,0.0,0.0,0.0,0.0,0.0,0.0
fade5de2-e4ce-473b-82ef-1d73fc82cbdd,0.0,0.0,0.0,0.0,0.0,0.0,0.0,0.0,0.0
7dbd0dc9-fc0c-46f0-9bb5-3fdf1313fb91,0.0,0.0,0.0,0.0,0.0,0.0,0.0,0.0,0.0
1d90733d-6801-44d5-9529-db295dd562e4,0.0,0.0,0.0,0.0,0.0,0.0,0.0,0.0,0.0
7b84f284-39a5-4594-bce3-d2b812bf19fc,0.0,0.0,0.0,0.0,0.0,0.0,0.0,0.0,0.0
7a51955d-d58e-4698-8a0b-d47097a5888f,0.0,0.0,0.0,0.0,0.0,0.0,0.0,0.0,0.0
a60a1947-dd7d-4f68-a9db-f32f1241dd02,0.0,0.0,0.0,0.0,0.0,0.0,0.0,0.0,0.0
6078548f-a169-4a41-b05e-0af558a807de,0.0,0.0,0.0,0.0,0.0,0.0,0.0,0.0,0.0
3a83209c-7f14-4ec2-9d52-c826c47f9fa1,0.0,0.0,0.0,0.0,0.0,0.0,0.0,0.0,0.0
9b710395-2f04-45dc-b0ab-94e4e0b27522,0.0,0.0,0.0,0.0,0.0,0.0,0.0,0.0,0.0
aa937a97-49b5-4b95-8abd-784dee1699af,0.0,0.0,0.0,0.0,0.0,0.0,0.0,0.0,0.0
680d1f5a-f99e-4b36-b545-82a13e106f11,0.0,0.0,0.0,0.0,0.0,0.0,0.0,0.0,0.0
6b2586de-63ee-4c87-99a7-fb83e5104b28,0.0,0.0,0.0,0.0,0.0,0.0,0.0,0.0,0.0
807b6aa5-a7f1-4368-9cb1-c53699650f97,0.0,0.0,0.0,0.0,0.0,0.0,0.0,0.0,0.0
c5bb9717-6414-43dc-ab15-bebdeb8b3c80,0.0,0.0,0.0,0.0,0.0,0.0,0.0,0.0,0.0
cd29903f-6706-40eb-b12e-4f2b3ba7f6ff,0.0,0.0,0.0,0.0,0.0,0.0,0.0,0.0,0.0
b7a7f1a4-aaba-4817-a760-48caedc7d56b,0.0,0.0,0.0,0.0,0.0,0.0,0.0,0.0,0.0
39b802b7-e477-43dd-9f93-b2552578ef58,0.0,0.0,0.0,0.0,0.0,0.0,0.0,0.0,0.0
64d3d8eb-e603-49b4-a5a9-e3996a69dfe1,0.0,0.0,0.0,0.0,0.0,0.0,0.0,0.0,0.0
0ca3f1a7-5d11-46cb-a691-b2730333385e,0.0,0.0,0.0,0.0,0.0,0.0,0.0,0.0,0.0
4fff98f5-f6d1-47d7-9abc-55fb361dad8e,0.0,0.0,0.0,0.0,0.0,0.0,0.0,0.0,0.0
a8581d22-ac0c-4c86-b6df-c8b461d63898,0.0,0.0,0.0,0.0,0.0,0.0,0.0,0.0,0.0
94e3ed32-2e8e-4b8c-aeb5-0091d18f55b9,0.0,0.0,0.0,0.0,0.0,0.0,0.0,0.0,0.0
af256994-3c1b-4370-8675-53bb506c6bb0,0.0,0.0,0.0,0.0,0.0,0.0,0.0,0.0,0.0
9d0a5f17-2db5-4831-91f8-ccd900e01eff,0.0,0.0,0.0,0.0,0.0,0.0,0.0,0.0,0.0
e8d19c5d-392e-435b-abb3-f99535fa6bc4,0.0,0.0,0.0,0.0,0.0,0.0,0.0,0.0,0.0
1d42d407-cc60-45b8-83e7-485b7deebe53,0.0,0.0,0.0,0.0,0.0,0.0,0.0,0.0,0.0
48e00cda-b004-4b3f-a8a5-dd066dbdf245,0.0,0.0,0.0,0.0,0.0,0.0,0.0,0.0,0.0
3116f18a-c042-4e5a-93a9-ae42bec025aa,0.0,0.0,0.0,0.0,0.0,0.0,0.0,0.0,0.0
0ed7f60e-3a8a-40b2-b6f5-d013913375c0,0.0,0.0,0.0,0.0,0.0,0.0,0.0,0.0,0.0
f86ce1a2-98e0-47d5-940e-33d8d1db8c2e,0.0,0.0,0.0,0.0,0.0,0.0,0.0,0.0,0.0
a5027456-4585-4760-bfc1-007c1058e2e3,0.0,0.0,0.0,0.0,0.0,0.0,0.0,0.0,0.0
da503378-8adc-4f26-9c4b-5261dff587d2,0.0,0.0,0.0,0.0,0.0,0.0,0.0,0.0,0.0
fffa56b9-f854-48f0-9949-318c7bffe27f,0.0,0.0,0.0,0.0,0.0,0.0,0.0,0.0,0.0
71aa0826-6635-4f90-88ab-8e3bd8aab795,0.0,0.0,0.0,0.0,0.0,0.0,0.0,0.0,0.0
1ac8eb89-ca97-4d3b-bc32-30b1af1400f4,0.0,0.0,0.0,0.0,0.0,0.0,0.0,0.0,0.0
3ee5e30b-44ab-4b3a-a96f-d35585ec7b40,0.0,0.0,0.0,0.0,0.0,0.0,0.0,0.0,0.0
270e5d94-4c6c-464f-953b-76c068793478,0.0,0.0,0.0,0.0,0.0,0.0,0.0,0.0,0.0
6b70a892-6770-4486-b162-e59c6f59ae6d,0.0,0.0,0.0,0.0,0.0,0.0,0.0,0.0,0.0
9161ccf8-430a-49d6-abb2-293c4c3fbe80,0.0,0.0,0.0,0.0,0.0,0.0,0.0,0.0,0.0
90c61e41-5688-49bb-9ca2-b73fbeb3288a,0.0,0.0,0.0,0.0,0.0,0.0,0.0,0.0,0.0
3ea51f69-2eb9-4c2e-a1d9-4d816aa97b08,0.0,0.0,0.0,0.0,0.0,0.0,0.0,0.0,0.0
99c79f28-5771-4e5b-91f4-aa87bf51e2b0,0.0,0.0,0.0,0.0,0.0,0.0,0.0,0.0,0.0
f9733a91-1cef-4b0f-90dc-ddacfd3f9207,0.0,0.0,0.0,0.0,0.0,0.0,0.0,0.0,0.0
210c0180-08cb-43d0-b5b4-1b1117611dd6,0.0,0.0,0.0,0.0,0.0,0.0,0.0,0.0,0.0
0ef6ca24-af21-4658-8e19-20bf8a0d714b,0.0,0.0,0.0,0.0,0.0,0.0,0.0,0.0,0.0
7a7ccb88-710d-4fe3-baf9-a8d33c3cb064,0.0,0.0,0.0,0.0,0.0,0.0,0.0,0.0,0.0
b8fc38a7-15f9-45f7-b883-c1ca65414d22,0.0,0.0,0.0,0.0,0.0,0.0,0.0,0.0,0.0
8d2048d1-4db4-4c67-bc6d-e38a8cc2ba1d,0.0,0.0,0.0,0.0,0.0,0.0,0.0,0.0,0.0
99511564-6a31-4de4-8aec-33b83ef2e4c0,0.0,0.0,0.0,0.0,0.0,0.0,0.0,0.0,0.0
b3208d98-2e86-4acf-b357-8b77371876b9,0.0,0.0,0.0,0.0,0.0,0.0,0.0,0.0,0.0
c43183db-63e9-48dd-9136-f1570d5216a4,0.0,0.0,0.0,0.0,0.0,0.0,0.0,0.0,0.0
4d3182e7-7d29-4145-ba88-9ccd8807048a,0.0,0.0,0.0,0.0,0.0,0.0,0.0,0.0,0.0
4cf9d11f-5bf3-4d1c-8fe8-abe6f14769da,0.0,0.0,0.0,0.0,0.0,0.0,0.0,0.0,0.0
1a5f7f11-4001-41ec-b10f-8e2f52146861,0.0,0.0,0.0,0.0,0.0,0.0,0.0,0.0,0.0
a1a43564-7bac-478c-811a-d8ecdc43837e,0.0,0.0,0.0,0.0,0.0,0.0,0.0,0.0,0.0
d0ce896d-b9fd-4e7e-8ecf-665ef6dd7398,0.0,0.0,0.0,0.0,0.0,0.0,0.0,0.0,0.0
0c00be04-9b09-4d3c-8f6d-3536c0c7bc98,0.0,0.0,0.0,0.0,0.0,0.0,0.0,0.0,0.0
eb3e29fc-4cb2-48c0-92bc-7bc525aba2b6,0.0,0.0,0.0,0.0,0.0,0.0,0.0,0.0,0.0
be945669-39f9-44ef-88da-a875a15f7dd6,0.0,0.0,0.0,0.0,0.0,0.0,0.0,0.0,0.0
7748d859-330f-4220-a66e-5712e6f1833e,0.0,0.0,0.0,0.0,0.0,0.0,0.0,0.0,0.0
28f8fe40-2262-4f2a-8925-2a18de194548,0.0,0.0,0.0,0.0,0.0,0.0,0.0,0.0,0.0
7ef36a5a-1f4f-4aff-ad34-2f32ec108530,0.0,0.0,0.0,0.0,0.0,0.0,0.0,0.0,0.0
47081519-e5dd-4ea2-8da9-7604be165720,0.0,0.0,0.0,0.0,0.0,0.0,0.0,0.0,0.0
a7ab91ef-722e-45c9-a70e-24beae43e747,0.0,0.0,0.0,0.0,0.0,0.0,0.0,0.0,0.0
eac4fc68-4622-446a-b55e-4fd0e7db6473,0.0,0.0,0.0,0.0,0.0,0.0,0.0,0.0,0.0
d69e8735-c51a-4f80-8d66-63c8e23fef6f,0.0,0.0,0.0,0.0,0.0,0.0,0.0,0.0,0.0
d3ad4585-b076-43ce-8ab8-7d9df7e9d735,0.0,0.0,0.0,0.0,0.0,0.0,0.0,0.0,0.0
18f46bea-9fc1-4519-9887-95d53b249f39,0.0,0.0,0.0,0.0,0.0,0.0,0.0,0.0,0.0
00e6272e-7190-42d7-b728-1d4ebe0da1f6,0.0,0.0,0.0,0.0,0.0,0.0,0.0,0.0,0.0
808af5e0-507f-4727-8d1f-496f1b4c805b,0.0,0.0,0.0,0.0,0.0,0.0,0.0,0.0,0.0
348e026b-1bd3-4620-b060-1da8943477c8,0.0,0.0,0.0,0.0,0.0,0.0,0.0,0.0,0.0
bc99463e-5e92-4b58-b64d-66b0a94e93b7,0.0,0.0,0.0,0.0,0.0,0.0,0.0,0.0,0.0
faf3ec28-791e-4095-9bd7-0d9dca8a8832,0.0,0.0,0.0,0.0,0.0,0.0,0.0,0.0,0.0
167da78e-a12e-4dd8-8fe8-7e62e0915e57,0.0,0.0,0.0,0.0,0.0,0.0,0.0,0.0,0.0
60c6fe7f-5150-4189-ae56-78ed311f81e0,0.0,0.0,0.0,0.0,0.0,0.0,0.0,0.0,0.0
042ad28b-091f-4fb3-8cd2-9d7133d9e535,0.0,0.0,0.0,0.0,0.0,0.0,0.0,0.0,0.0
81c11031-1340-46d0-8b71-6b32bbb43c1f,0.0,0.0,0.0,0.0,0.0,0.0,0.0,0.0,0.0
7df4df72-67f4-433a-abee-cecfcc264974,0.0,0.0,0.0,0.0,0.0,0.0,0.0,0.0,0.0
b52b01c8-1b8a-47b2-a709-e49800573069,0.0,0.0,0.0,0.0,0.0,0.0,0.0,0.0,0.0
b79cef20-723b-440c-a2c7-48ecb20d2165,0.0,0.0,0.0,0.0,0.0,0.0,0.0,0.0,0.0
5acd70f3-f7ca-4b58-aa64-be5f2abb9a25,0.0,0.0,0.0,0.0,0.0,0.0,0.0,0.0,0.0
708ac8aa-37f7-4fdc-aeea-76cfe5b0b62a,0.0,0.0,0.0,0.0,0.0,0.0,0.0,0.0,0.0
ffe4c588-b136-4411-9060-1d2de4172e25,0.0,0.0,0.0,0.0,0.0,0.0,0.0,0.0,0.0
5d5bcda0-c3ea-4ebe-b5ba-a013554dd38c,0.0,0.0,0.0,0.0,0.0,0.0,0.0,0.0,0.0
ff8b6352-94f3-4e73-a3ec-410842278af1,0.0,0.0,0.0,0.0,0.0,0.0,0.0,0.0,0.0
04fa2d91-e66d-45b5-bf8c-2db0296c8d7e,0.0,0.0,0.0,0.0,0.0,0.0,0.0,0.0,0.0
595a1cdc-a5d4-45c0-b278-25f27af37c25,0.0,0.0,0.0,0.0,0.0,0.0,0.0,0.0,0.0
0219dad7-2f40-4586-9ebc-f078807d5538,0.0,0.0,0.0,0.0,0.0,0.0,0.0,0.0,0.0
42d18064-1646-45d1-978f-a220ed940cc4,0.0,0.0,0.0,0.0,0.0,0.0,0.0,0.0,0.0
bbbd0550-79c6-48fd-8613-2f923fd4a027,0.0,0.0,0.0,0.0,0.0,0.0,0.0,0.0,0.0
387d398d-5304-470b-95b8-e4d4ad3c3e65,0.0,0.0,0.0,0.0,0.0,0.0,0.0,0.0,0.0
491c25da-504b-4c29-9f17-98607be848ad,0.0,0.0,0.0,0.0,0.0,0.0,0.0,0.0,0.0
fddd9b0a-0445-4d65-8cce-6fcdaa7e5298,0.0,0.0,0.0,0.0,0.0,0.0,0.0,0.0,0.0
d091ccc9-7f22-48ab-ae96-3cdc399163e1,0.0,0.0,0.0,0.0,0.0,0.0,0.0,0.0,0.0
591f4c71-dc15-4ad7-b450-409f3dbf50f5,0.0,0.0,0.0,0.0,0.0,0.0,0.0,0.0,0.0
6bc8c5af-d8d9-46f6-801d-4765cefa91a7,0.0,0.0,0.0,0.0,0.0,0.0,0.0,0.0,0.0
d2265ea0-2f5e-4243-828c-4431af3429af,0.0,0.0,0.0,0.0,0.0,0.0,0.0,0.0,0.0
f8ff0e6a-2414-44b5-b415-5594239e2e81,0.0,0.0,0.0,0.0,0.0,0.0,0.0,0.0,0.0
bbbb583d-a9ae-4bc7-ad3a-62107a32b771,0.0,0.0,0.0,0.0,0.0,0.0,0.0,0.0,0.0
cc0c9073-20e9-4ffb-85d4-1179d04fed1c,0.0,0.0,0.0,0.0,0.0,0.0,0.0,0.0,0.0
3608e3e6-4f53-4e8e-a08b-c9464da81b8b,0.0,0.0,0.0,0.0,0.0,0.0,0.0,0.0,0.0
9b2648d2-03ec-4b07-b910-91ea102ca3e1,0.0,0.0,0.0,0.0,0.0,0.0,0.0,0.0,0.0
227c34ef-7482-4e1b-8d29-a96940a950c9,0.0,0.0,0.0,0.0,0.0,0.0,0.0,0.0,0.0
bfd40641-dd39-4d60-b3c6-8ea540ffb7c2,0.0,0.0,0.0,0.0,0.0,0.0,0.0,0.0,0.0
f89a98ff-1ede-419c-9276-f4dadb7cfba1,0.0,0.0,0.0,0.0,0.0,0.0,0.0,0.0,0.0
e29d220d-e583-4824-91c7-73d521f11409,0.0,0.0,0.0,0.0,0.0,0.0,0.0,0.0,0.0
c6059c9d-5215-4341-a6ad-ad081e0da71e,0.0,0.0,0.0,0.0,0.0,0.0,0.0,0.0,0.0
96279f8c-eb40-4710-9a52-f0d150473447,0.0,0.0,0.0,0.0,0.0,0.0,0.0,0.0,0.0
7d8cec22-fbdc-4bcc-81b7-7380ef4b91d4,0.0,0.0,0.0,0.0,0.0,0.0,0.0,0.0,0.0
ec8a1dab-ff8e-4a63-830b-8a16799149c0,0.0,0.0,0.0,0.0,0.0,0.0,0.0,0.0,0.0
9561dced-c1f1-4bac-b6c2-2454d4987f9b,0.0,0.0,0.0,0.0,0.0,0.0,0.0,0.0,0.0
1f783b9e-43cc-40ed-a2d5-3324c0f5bec1,0.0,0.0,0.0,0.0,0.0,0.0,0.0,0.0,0.0
166fc52b-0005-4970-b280-95d6e19d12ad,0.0,0.0,0.0,0.0,0.0,0.0,0.0,0.0,0.0
f95d6091-d194-4724-b1d9-155dcaf9048c,0.0,0.0,0.0,0.0,0.0,0.0,0.0,0.0,0.0
811db87c-9be0-4f51-8953-0fd927c44651,0.0,0.0,0.0,0.0,0.0,0.0,0.0,0.0,0.0
d5669555-031c-4757-86e1-d6c5c285c902,0.0,0.0,0.0,0.0,0.0,0.0,0.0,0.0,0.0
3fae5f8e-a463-42af-9f8e-fb0397ca533f,0.0,0.0,0.0,0.0,0.0,0.0,0.0,0.0,0.0
2edb8b56-2630-4abd-b98c-0ada0f8d6549,0.0,0.0,0.0,0.0,0.0,0.0,0.0,0.0,0.0
e41859b7-40f3-4c2e-9d3c-4301a98063b5,0.0,0.0,0.0,0.0,0.0,0.0,0.0,0.0,0.0
d88fce3b-9ce1-49bb-99ce-7e5c155ce981,0.0,0.0,0.0,0.0,0.0,0.0,0.0,0.0,0.0
0b6818fc-92ab-4810-a8ff-9e03122846a7,0.0,0.0,0.0,0.0,0.0,0.0,0.0,0.0,0.0
bbc18060-daee-4624-9223-0a230f154b1d,0.0,0.0,0.0,0.0,0.0,0.0,0.0,0.0,0.0
485535f2-191c-4dd5-bee6-fbc97986dc8d,0.0,0.0,0.0,0.0,0.0,0.0,0.0,0.0,0.0
6f17068a-d1ea-4395-a482-131531421b9a,0.0,0.0,0.0,0.0,0.0,0.0,0.0,0.0,0.0
5569d48e-86ba-472c-b33f-57d4f7845077,0.0,0.0,0.0,0.0,0.0,0.0,0.0,0.0,0.0
379df2fd-4350-4301-b0ee-43b3bfdae90a,0.0,0.0,0.0,0.0,0.0,0.0,0.0,0.0,0.0
286594d5-5ce0-41fb-acf4-3a50aab61c28,0.0,0.0,0.0,0.0,0.0,0.0,0.0,0.0,0.0
c002673f-c3f6-498b-bc95-9a573fca1598,0.0,0.0,0.0,0.0,0.0,0.0,0.0,0.0,0.0
029403bf-f42c-473d-97c9-4a47b9b3dded,0.0,0.0,0.0,0.0,0.0,0.0,0.0,0.0,0.0
5df4f306-471c-4def-971e-2b2157d673c2,0.0,0.0,0.0,0.0,0.0,0.0,0.0,0.0,0.0
c2955498-d3b9-4610-af2c-8c0c379feacd,0.0,0.0,0.0,0.0,0.0,0.0,0.0,0.0,0.0
f8ed8e37-3d8a-4c66-a2e3-a954ab2d4bd1,0.0,0.0,0.0,0.0,0.0,0.0,0.0,0.0,0.0
79752d06-7b55-4fbd-b830-d54d5634a1cf,0.0,0.0,0.0,0.0,0.0,0.0,0.0,0.0,0.0
63553204-5acc-4f6d-af67-eeac78d484d7,0.0,0.0,0.0,0.0,0.0,0.0,0.0,0.0,0.0
3ee259f1-69f8-4df5-aa09-5e3bdb8dd3ab,0.0,0.0,0.0,0.0,0.0,0.0,0.0,0.0,0.0
a4b03367-53ee-41bc-8138-a2dddb1833a3,0.0,0.0,0.0,0.0,0.0,0.0,0.0,0.0,0.0
3996cf45-0a44-4342-bcef-adea687338e1,0.0,0.0,0.0,0.0,0.0,0.0,0.0,0.0,0.0
9bf5e963-e351-42a9-8e26-0afc9f4624fa,0.0,0.0,0.0,0.0,0.0,0.0,0.0,0.0,0.0
6303dfc2-e2ce-4db9-b819-97a3f90e5cfe,0.0,0.0,0.0,0.0,0.0,0.0,0.0,0.0,0.0
34d6a583-17a7-4305-bd4b-f4b0c673e0ff,0.0,0.0,0.0,0.0,0.0,0.0,0.0,0.0,0.0
8f2a8145-2653-491a-a857-f19ca2b93e9f,0.0,0.0,0.0,0.0,0.0,0.0,0.0,0.0,0.0
1d8787ee-0e03-4762-a38a-681a0c2e3a05,0.0,0.0,0.0,0.0,0.0,0.0,0.0,0.0,0.0
7f9df905-2312-4ca4-b742-dcd465967699,0.0,0.0,0.0,0.0,0.0,0.0,0.0,0.0,0.0
2dc7e7a4-5548-438f-9c50-b5ea5e5bbb41,0.0,0.0,0.0,0.0,0.0,0.0,0.0,0.0,0.0
f24295ac-296d-455c-8300-3e3d5947a900,0.0,0.0,0.0,0.0,0.0,0.0,0.0,0.0,0.0
a90bc9cd-f306-4a7a-bb50-7b9617fb41ff,0.0,0.0,0.0,0.0,0.0,0.0,0.0,0.0,0.0
a1a1829c-eccb-426e-bf45-7fe8f2e65950,0.0,0.0,0.0,0.0,0.0,0.0,0.0,0.0,0.0
a69b387b-ac13-4c6a-9789-5aeff9854fec,0.0,0.0,0.0,0.0,0.0,0.0,0.0,0.0,0.0
dd130ea0-e49f-4f7a-960b-48d5e4e8f1bf,0.0,0.0,0.0,0.0,0.0,0.0,0.0,0.0,0.0
c4865936-3bbe-4c46-bbb1-db779a49134c,0.0,0.0,0.0,0.0,0.0,0.0,0.0,0.0,0.0
ace47790-7e1f-48a1-9fd9-b22a84ea9439,0.0,0.0,0.0,0.0,0.0,0.0,0.0,0.0,0.0
8a7a551d-1c4f-4644-8ee4-91e7a36aaec9,0.0,0.0,0.0,0.0,0.0,0.0,0.0,0.0,0.0
1362ef9e-4c69-4709-bd50-68f4750d8ef8,0.0,0.0,0.0,0.0,0.0,0.0,0.0,0.0,0.0
4b0c1c33-2414-4135-bd7c-7ae14052ed55,0.0,0.0,0.0,0.0,0.0,0.0,0.0,0.0,0.0
1da469d6-983a-469b-9a9f-93027ff1ca95,0.0,0.0,0.0,0.0,0.0,0.0,0.0,0.0,0.0
6495043a-2e64-4ca4-97b5-128e81f1d2d5,0.0,0.0,0.0,0.0,0.0,0.0,0.0,0.0,0.0
f2edc6ff-e04a-41a2-a0da-8ca06aaad020,0.0,0.0,0.0,0.0,0.0,0.0,0.0,0.0,0.0
b3554123-233a-47b1-930f-49fa88126ec8,0.0,0.0,0.0,0.0,0.0,0.0,0.0,0.0,0.0
851e2374-69ef-48c0-8918-c56dd9de72aa,0.0,0.0,0.0,0.0,0.0,0.0,0.0,0.0,0.0
60e6b712-3a10-48dc-a1cb-ac2db3e3ae58,0.0,0.0,0.0,0.0,0.0,0.0,0.0,0.0,0.0
7daaab19-bd10-430d-b424-4c2008668d1e,0.0,0.0,0.0,0.0,0.0,0.0,0.0,0.0,0.0
347aa17b-d5e4-4074-8b0d-7036091fc7a9,0.0,0.0,0.0,0.0,0.0,0.0,0.0,0.0,0.0
5fc579c7-6d2d-425e-b38d-e495b218ac53,0.0,0.0,0.0,0.0,0.0,0.0,0.0,0.0,0.0
de23190f-d0ff-443b-b9fc-68efc445b715,0.0,0.0,0.0,0.0,0.0,0.0,0.0,0.0,0.0
6ca86998-660c-409b-87a1-acae8bad44ae,0.0,0.0,0.0,0.0,0.0,0.0,0.0,0.0,0.0
69e4503a-38f3-4e3e-b9ca-eb620e387fff,0.0,0.0,0.0,0.0,0.0,0.0,0.0,0.0,0.0
d54abc12-1e8f-49be-a86c-6c5d555cae3a,0.0,0.0,0.0,0.0,0.0,0.0,0.0,0.0,0.0
a6e1adcf-d688-41eb-a713-e440e01e173e,0.0,0.0,0.0,0.0,0.0,0.0,0.0,0.0,0.0
76e725c6-2f8e-4877-8df8-b34f03ae16d1,0.0,0.0,0.0,0.0,0.0,0.0,0.0,0.0,0.0
405a6fb9-2db6-4127-849f-7dea62d17501,0.0,0.0,0.0,0.0,0.0,0.0,0.0,0.0,0.0
1be2445e-9a13-4964-a602-e068ce13a64f,0.0,0.0,0.0,0.0,0.0,0.0,0.0,0.0,0.0
bfd1e299-a9ef-472b-b544-822722697fb7,0.0,0.0,0.0,0.0,0.0,0.0,0.0,0.0,0.0
0afdaae2-9662-46ef-baed-9e77aaf0eb88,0.0,0.0,0.0,0.0,0.0,0.0,0.0,0.0,0.0
d5b5058b-acb6-4bd4-bbd7-afeb1edbdfc2,0.0,0.0,0.0,0.0,0.0,0.0,0.0,0.0,0.0
c35d0bab-985d-4a75-9f79-8b44fd27130d,0.0,0.0,0.0,0.0,0.0,0.0,0.0,0.0,0.0
7ffa783e-965c-4643-8c84-d2cf859172fa,0.0,0.0,0.0,0.0,0.0,0.0,0.0,0.0,0.0
a1b943e3-02f1-4714-84b1-2f3fcb2468d8,0.0,0.0,0.0,0.0,0.0,0.0,0.0,0.0,0.0
d3147b70-2db3-471b-b241-37756cdf2501,0.0,0.0,0.0,0.0,0.0,0.0,0.0,0.0,0.0
3e2d983d-b229-4378-8d0a-1049484eb1f9,0.0,0.0,0.0,0.0,0.0,0.0,0.0,0.0,0.0
227c13e9-9608-47b0-9b8c-fabe34383242,0.0,0.0,0.0,0.0,0.0,0.0,0.0,0.0,0.0
62dcf590-db3a-4014-85bc-04d72264d36b,0.0,0.0,0.0,0.0,0.0,0.0,0.0,0.0,0.0
c252aa31-3768-402d-886c-2e6bb67e485e,0.0,0.0,0.0,0.0,0.0,0.0,0.0,0.0,0.0
6df1d589-c1d7-4b59-ade9-4e1c9e967629,0.0,0.0,0.0,0.0,0.0,0.0,0.0,0.0,0.0
311c28e5-5ac4-4d95-8d53-050421b7292f,0.0,0.0,0.0,0.0,0.0,0.0,0.0,0.0,0.0
416ba33e-dca5-4e44-b05d-f9e25eee659e,0.0,0.0,0.0,0.0,0.0,0.0,0.0,0.0,0.0
dc110172-4456-4667-8529-f7edf6564400,0.0,0.0,0.0,0.0,0.0,0.0,0.0,0.0,0.0
e3ff7edd-17fe-4333-b60d-f5c4bffecbf5,0.0,0.0,0.0,0.0,0.0,0.0,0.0,0.0,0.0
cb1f53ae-386c-4938-bca6-99916f328488,0.0,0.0,0.0,0.0,0.0,0.0,0.0,0.0,0.0
4e538e1c-33ea-4a43-b6dc-0d7e760afaf2,0.0,0.0,0.0,0.0,0.0,0.0,0.0,0.0,0.0
5a3cdfe3-c013-4d98-828d-245dd1f5b0ce,0.0,0.0,0.0,0.0,0.0,0.0,0.0,0.0,0.0
864cd7e1-5e91-412f-add3-ae35653f8f7d,0.0,0.0,0.0,0.0,0.0,0.0,0.0,0.0,0.0
c4372eb5-50ec-4372-a394-098eaab69812,0.0,0.0,0.0,0.0,0.0,0.0,0.0,0.0,0.0
c25df907-32cc-4938-8e4c-8d228ef822cc,0.0,0.0,0.0,0.0,0.0,0.0,0.0,0.0,0.0
990fc215-2fd5-4e68-8037-afdc660311b6,0.0,0.0,0.0,0.0,0.0,0.0,0.0,0.0,0.0
a9c2731d-7a6e-43b4-ace2-86f3cb5eefaa,0.0,0.0,0.0,0.0,0.0,0.0,0.0,0.0,0.0
64abf681-cafc-4f68-af57-125b415bc450,0.0,0.0,0.0,0.0,0.0,0.0,0.0,0.0,0.0
a3839e74-4891-41e7-bdb4-2a718a72535a,0.0,0.0,0.0,0.0,0.0,0.0,0.0,0.0,0.0
894f976c-480d-4764-ba55-770951d5d556,0.0,0.0,0.0,0.0,0.0,0.0,0.0,0.0,0.0
6af62c35-cc57-4fb5-8ea4-672768514a66,0.0,0.0,0.0,0.0,0.0,0.0,0.0,0.0,0.0
80f52efa-6fc5-42c7-95e9-89c460443161,0.0,0.0,0.0,0.0,0.0,0.0,0.0,0.0,0.0
ff20120a-5d99-4d52-abcd-a89d19e0c87f,0.0,0.0,0.0,0.0,0.0,0.0,0.0,0.0,0.0
c4eb3957-ba9d-4a03-9f71-eebc1cca3ceb,0.0,0.0,0.0,0.0,0.0,0.0,0.0,0.0,0.0
0628a224-40aa-40c7-be33-5474d65709eb,0.0,0.0,0.0,0.0,0.0,0.0,0.0,0.0,0.0
c36ee690-e1c4-4785-952e-2929c17f6ca5,0.0,0.0,0.0,0.0,0.0,0.0,0.0,0.0,0.0
a71992b8-9943-4961-9e37-7ec4a61dfe88,0.0,0.0,0.0,0.0,0.0,0.0,0.0,0.0,0.0
07f45191-4573-48aa-b44b-e542938ed53f,0.0,0.0,0.0,0.0,0.0,0.0,0.0,0.0,0.0
8e900e33-682c-4bb5-9ca5-829ea083352a,0.0,0.0,0.0,0.0,0.0,0.0,0.0,0.0,0.0
05bd697b-7c8f-4b1b-9e3c-8587ee0080ed,0.0,0.0,0.0,0.0,0.0,0.0,0.0,0.0,0.0
09e9b37e-b5f3-4814-aaaa-641dd5998ae1,0.0,0.0,0.0,0.0,0.0,0.0,0.0,0.0,0.0
d4939765-8d27-46b1-bf1f-753405e43fed,0.0,0.0,0.0,0.0,0.0,0.0,0.0,0.0,0.0
2fa09330-461a-4a40-9af2-d8ecba7b129f,0.0,0.0,0.0,0.0,0.0,0.0,0.0,0.0,0.0
e678370c-3939-4c29-bc29-65d5d4adc30a,0.0,0.0,0.0,0.0,0.0,0.0,0.0,0.0,0.0
5040c351-6a33-4f7a-9178-161e96da08b5,0.0,0.0,0.0,0.0,0.0,0.0,0.0,0.0,0.0
0d3a645c-ead6-4ce1-b85e-4b88753d342f,0.0,0.0,0.0,0.0,0.0,0.0,0.0,0.0,0.0
10c1bde0-fbd9-4a85-a68a-5b55bc627290,0.0,0.0,0.0,0.0,0.0,0.0,0.0,0.0,0.0
18abc46a-4cf7-497a-b6aa-853f74a90402,0.0,0.0,0.0,0.0,0.0,0.0,0.0,0.0,0.0
dceb238b-6ade-426b-bd29-8910eda606e4,0.0,0.0,0.0,0.0,0.0,0.0,0.0,0.0,0.0
bd49cfd9-436b-4286-a64e-df1d557b5477,0.0,0.0,0.0,0.0,0.0,0.0,0.0,0.0,0.0
8fa22e69-a346-493c-ba94-050d9af80dc7,0.0,0.0,0.0,0.0,0.0,0.0,0.0,0.0,0.0
8132f0f5-37a8-4121-ba19-620a1fe5f5e7,0.0,0.0,0.0,0.0,0.0,0.0,0.0,0.0,0.0
834d3684-17bb-4ee4-8da1-cfd4b1164b23,0.0,0.0,0.0,0.0,0.0,0.0,0.0,0.0,0.0
645e6b14-7346-4b24-864d-839c843cc8f3,0.0,0.0,0.0,0.0,0.0,0.0,0.0,0.0,0.0
63a9936a-ef40-4cfe-b5d3-ea1c1c697537,0.0,0.0,0.0,0.0,0.0,0.0,0.0,0.0,0.0
4095f85a-bf18-4685-9e81-fe4fdec68981,0.0,0.0,0.0,0.0,0.0,0.0,0.0,0.0,0.0
a933165a-174e-4bbd-9ff1-1cf44885ba79,0.0,0.0,0.0,0.0,0.0,0.0,0.0,0.0,0.0
bdc3e3a0-7c93-43ab-b135-7353cf6fde20,0.0,0.0,0.0,0.0,0.0,0.0,0.0,0.0,0.0
